id,ticker,issue_name,inception_date,maturity_date,issuer_name,listing_exchange,created_at,updated_at,lock_revision
13706ed2-ca9f-42bc-b1e6-a081d3348589,ADZ,"DB Agriculture Short Exchange Traded Notes due April 1, 2038",4/14/2008,4/1/2038,"Deutsche Bank AG, London Branch","NYSE Arca, Inc.",,,
d5033a7e-35d8-4a52-83c8-ba5e6884a716,AGF,"DB Agriculture Long Exchange Traded Notes due April 1, 2038",4/14/2008,4/1/2038,"Deutsche Bank AG, London Branch","NYSE Arca, Inc.",,,
7ed6ed70-009e-4cbf-b3e9-3e7b6cd7303f,AMJ,"Alerian MLP Index ETN due May 24, 2024",4/1/2009,5/24/2024,JPMorgan Chase & Co.,"NYSE Arca, Inc.",,,
5d40da3a-e701-430f-9d30-0eb72ce7a3fb,AMJL,"Credit Suisse X-Links Monthly Pay 2xLeveraged Alerian MLP Index Exchange Traded Notes (ETNs) due May 16, 2036",5/17/2016,5/16/2036,"Credit Suisse AG, Nassau Branch","NYSE Arca, Inc.",,,
5f987eb3-989d-49b7-926d-d5189a5e0d38,AMU,"ETRACS Alerian MLP Index ETN due July 18, 2042",7/17/2012,7/18/2042,UBS AG (London Branch),"NYSE Arca, Inc.",,,
4047a5da-ba7b-4d8a-9c0e-8e9876c02047,AMUB,"ETRACS Alerian MLP Index ETN Series B due July 18, 2042",10/8/2015,7/18/2042,UBS AG (London Branch),"NYSE Arca, Inc.",,,
b1459b43-7a98-4fa4-b0dc-41bd414eb7a5,ATMP,Barclays ETN+ Select MLP Exchange Traded Notes,3/12/2013,3/18/2043,Barclays Bank PLC,"NYSE Arca, Inc.",,,
87a0d933-3dcb-4c26-a8b7-44981c5e2b37,BALB,iPath Series B Bloomberg Cotton Subindex Total Return ETN,1/17/2018,1/23/2048,Barclays Bank PLC,"NYSE Arca, Inc.",,,
6ce62b96-a161-4102-9eb4-84a5c3c2a746,BCM,iPath Pure Beta Broad Commodity ETN,4/20/2011,4/18/2041,Barclays Bank PLC,"NYSE Arca, Inc.",,,
63d8d120-0800-43c7-a312-f50034650313,BDCL,Leveraged Long Exchange Traded Access Securities (ETRACS) linked to the Wells Fargo Business Development Company Index,5/24/2011,5/24/2041,UBS AG (London Branch),"NYSE Arca, Inc.",,,
803e9122-3e6c-4379-8cc6-e4fff7e34ead,BDCS,UBS AG Exchange Traded Access Securities (E-TRACS) linked to the Wells Fargo Business Development Company Index,4/27/2011,4/26/2041,UBS AG (Jersey Branch),"NYSE Arca, Inc.",,,
d0685735-0f60-4f01-9db3-cb468779309f,BDCZ,"ETRACS Wells Fargo Business Development Company Index ETN Series B due April 26, 2041",10/8/2015,4/26/2041,UBS AG (London Branch),"NYSE Arca, Inc.",,,
6d5a9611-3a93-4ee9-ae94-fff073b30884,BDD,"DB Base Metals Double Long Exchange Traded Notes due June 1, 2038",6/16/2008,6/1/2038,"Deutsche Bank AG, London Branch","NYSE Arca, Inc.",,,
87740235-ba03-43a9-b540-f47fa9f4daf3,BJJN,iPath Series B Bloomberg Nickel Subindex Total Return ETN,1/17/2018,1/23/2048,Barclays Bank PLC,"NYSE Arca, Inc.",,,
1cd6c324-5164-408e-8d2d-69fd0d0060dd,BJO,iPath Series B Bloomberg Coffee Subindex Total Return ETN,1/17/2018,1/23/2048,Barclays Bank PLC,"NYSE Arca, Inc.",,,
0f305020-9df1-43cb-bad7-bf20cc2cbf9d,BMLP,"BMO Elkhorn DWA MLP Select Index Exchange Traded Notes due December 10, 2036",12/19/2016,12/10/2036,Bank of Montreal,The NASDAQ Stock Market LLC,,,
9e184d80-2fa3-4eed-ab40-b4b7e3afc42b,BOM,"DB Base Metals Double Short Exchange Traded Notes due June 1, 2038",6/16/2008,6/1/2038,"Deutsche Bank AG, London Branch","NYSE Arca, Inc.",,,
ea737e09-4aaf-4cdf-a064-e42ae3146ef2,BOS,"DB Base Metals Short Exchange Traded Notes due June 1, 2038",6/16/2008,6/1/2038,"Deutsche Bank AG, London Branch","NYSE Arca, Inc.",,,
18227221-eb74-4c8b-aa89-dbe22cfe2f57,CAPE,Barclays ETN+ Shiller CAPE Exchange Traded Notes,10/10/2012,10/12/2022,Barclays Bank PLC,"NYSE Arca, Inc.",,,
7946b83a-d51c-42c8-8196-a26e3bcffa5b,CEFL,ETRACS Monthly Pay 2xLeveraged Closed-End Fund ETN,12/10/2013,12/10/2043,UBS AG (London Branch),"NYSE Arca, Inc.",,,
c8706d6a-2033-48a5-9b68-1e4d926a7732,CNY,"Market Vectors - Chinese Renminbi/USD ETNs due March 31, 2020",3/14/2008,3/31/2020,Morgan Stanley,"NYSE Arca, Inc.",,,
9dca7b69-722b-43ec-8962-373d9e2f156e,COWB,iPath Series B Bloomberg Livestock Subindex Total Return ETN,1/17/2018,1/23/2048,Barclays Bank PLC,"NYSE Arca, Inc.",,,
1bcc5409-de09-4ae7-9ec0-cc44391a8213,DAG,"DB Agriculture Double Long Exchange Traded Notes due April 1, 2038",4/14/2008,4/1/2038,"Deutsche Bank AG, London Branch","NYSE Arca, Inc.",,,
0ff6f063-13c2-470e-af30-7dccda10cca5,DAUD,"ETNs linked to the VelocityShares Daily 4X Long USD vs. AUD Index due December 15, 2032",12/12/2017,12/15/2032,Citigroup Global Markets Holdings Inc.,"NYSE Arca, Inc.",,,
9c8c9ae9-24c8-46c5-a3b3-42356590de7f,DCHF,"ETNs linked to the VelocityShares Daily 4X Long USD vs. CHF Index due December 15, 2032",12/12/2017,12/15/2032,Citigroup Global Markets Holdings Inc.,"NYSE Arca, Inc.",,,
616f1893-cad8-47ed-a0fd-38b0a34ce46b,DDP,"DB Commodity Short Exchange Traded Notes due April 1, 2038",4/28/2008,4/1/2038,"Deutsche Bank AG, London Branch","NYSE Arca, Inc.",,,
ae0da220-1149-4ce8-ae34-7d9c517b6f01,DEE,"DB Commodity Double Short Exchange Traded Notes due April 1, 2038",4/28/2008,4/1/2038,"Deutsche Bank AG, London Branch","NYSE Arca, Inc.",,,
c042c926-4d1e-44ec-acfc-9460246c3f65,DEUR,"ETNs linked to the VelocityShares Daily 4X Long USD vs. EUR Index due December 15, 2032",12/12/2017,12/15/2032,Citigroup Global Markets Holdings Inc.,"NYSE Arca, Inc.",,,
ca1ed335-21d7-4851-b08f-2040fb6d564a,DFVL,iPath US Treasury 5-year Bull Exchange Traded Notes,7/11/2011,7/12/2021,Barclays Bank PLC,The NASDAQ Stock Market LLC,,,
56c07d4b-ed98-4b84-ab11-40b98b6bd97f,DFVS,iPath US Treasury 5-year Bear Exchange Traded Notes,7/11/2011,7/12/2021,Barclays Bank PLC,The NASDAQ Stock Market LLC,,,
cb5a64f3-83b6-4e54-a688-62b40974dcff,DGAZ,"VelocityShares 3x Inverse Natural Gas ETN linked to the S&P GSCI Natural Gas Index ER due February 9, 2032",2/7/2012,2/9/2032,Credit Suisse AG,"NYSE Arca, Inc.",,,
83f92005-1b64-4183-8f03-064d61c97a4c,DGBP,"ETNs linked to the VelocityShares Daily 4X Long USD vs. GBP Index due December 15, 2032",12/12/2017,12/15/2032,Citigroup Global Markets Holdings Inc.,"NYSE Arca, Inc.",,,
abe4e94a-e4b5-4bd2-81df-dcb3b3ab61da,DGLD,"VelocityShares 3x Inverse Gold ETN linked to the S&P GSCI Gold Index ER due October 14, 2031",10/14/2011,10/14/2031,Credit Suisse AG,The NASDAQ Stock Market LLC,,,
5e643c18-8040-45b1-9d23-99644e3c2ed2,DGP,"DB Gold Double Long Exchange Traded Notes due February 15, 2038",2/27/2008,2/15/2038,"Deutsche Bank AG, London Branch","NYSE Arca, Inc.",,,
783287cc-3f60-4c61-9ed0-3d2f14183c43,DGZ,"DB Gold Short Exchange Traded Notes due February 15, 2038",2/27/2008,2/15/2038,"Deutsche Bank AG, London Branch","NYSE Arca, Inc.",,,
fb2a7947-a7b8-4a73-90a9-481591dad24d,DIVC,"C-Tracks Exchange-Traded Notes Miller/Howard Strategic Dividend Reinvestor Due September 16, 2024",9/11/2014,9/16/2024,Citigroup Inc.,"NYSE Arca, Inc.",,,
5e696218-3358-4a43-9412-bf2f0e518d62,DJCI,UBS AG Exchange Traded Access Securities (E-TRACS) linked to the Bloomberg Commodity Index Total Return,10/28/2009,10/31/2039,UBS AG (Jersey Branch),"NYSE Arca, Inc.",,,
e21bf34e-de90-47f8-97fe-b43f6f598a78,DJP,iPath Bloomberg Commodity Index Total Return ETN,6/6/2006,6/12/2036,Barclays Bank PLC,"NYSE Arca, Inc.",,,
8275a288-3cb4-4189-b0cb-4538b882f7c6,DJPY,"ETNs linked to the VelocityShares Daily 4X Long USD vs. JPY Index due December 15, 2032",12/12/2017,12/15/2032,Citigroup Global Markets Holdings Inc.,"NYSE Arca, Inc.",,,
954f2deb-941f-481a-bb98-55308d7f6b62,DLBL,iPath US Treasury Long Bond Bull Exchange Traded Notes,8/9/2010,8/13/2020,Barclays Bank PLC,The NASDAQ Stock Market LLC,,,
069547f2-f813-42a7-972c-d45066f5ca92,DLBR,"VelocityShares Short LIBOR ETNs due August 16, 2032",8/15/2017,8/16/2032,Citigroup Global Markets Holdings Inc.,"NYSE Arca, Inc.",,,
83e178cb-1147-47f2-994f-b840b3d019d9,DLBS,iPath US Treasury Long Bond Bear Exchange Traded Notes,8/9/2010,8/13/2020,Barclays Bank PLC,The NASDAQ Stock Market LLC,,,
b924db28-5052-4436-a041-39aad88b6f34,DOD,"ELEMENTS-Dogs of the Dow Linked to the Dow Jones High Yield Select 10 Total Return Index due November 14, 2022",11/7/2007,11/14/2022,"Deutsche Bank AG, London Branch","NYSE Arca, Inc.",,,
6396fe87-7d22-4727-a6be-3773f0e1a11e,DRR,"Market Vectors - Double Short Euro ETNs due April 30, 2020",5/6/2008,4/30/2020,Morgan Stanley,"NYSE Arca, Inc.",,,
dd878f6f-3d42-4ec0-bee4-caf5f6900a3a,DSLV,"VelocityShares 3x Inverse Silver ETN linked to the S&P GSCI Silver Index ER due October 14, 2031",10/14/2011,10/14/2031,Credit Suisse AG,The NASDAQ Stock Market LLC,,,
9789a18a-334c-4ff7-baf6-e95fa48ca220,DTO,"DB Crude Oil Double Short Exchange Traded Notes due June 1, 2038",6/16/2008,6/1/2038,"Deutsche Bank AG, London Branch","NYSE Arca, Inc.",,,
21eb8c15-306b-407b-af1c-5f7944e96b58,DTUL,iPath US Treasury 2-year Bull Exchange Traded Notes,8/9/2010,8/13/2020,Barclays Bank PLC,The NASDAQ Stock Market LLC,,,
2b537014-9683-4cfa-a6d7-f45f32eaef29,DTUS,iPath US Treasury 2-year Bear Exchange Traded Notes,8/9/2010,8/13/2020,Barclays Bank PLC,The NASDAQ Stock Market LLC,,,
a0dacca9-f3aa-43f4-8ee5-f0be79f9aeae,DTYL,iPath US Treasury 10-year Bull Exchange Traded Notes,8/9/2010,8/13/2020,Barclays Bank PLC,The NASDAQ Stock Market LLC,,,
a51a936c-2b59-42b9-b8ea-7858eaea76c1,DTYS,iPath US Treasury 10-year Bear Exchange Traded Notes,8/9/2010,8/13/2020,Barclays Bank PLC,The NASDAQ Stock Market LLC,,,
9b852196-4a9a-45bd-aa84-692efc90a9d0,DVHL,"ETRACS Monthly Pay 2xLeveraged Diversified High Income ETN due November 12, 2043",11/12/2013,11/12/2043,UBS AG (London Branch),"NYSE Arca, Inc.",,,
7afed1c1-2918-48df-ad27-171e158d3583,DVYL,"ETRACS Monthly Pay 2xLeveraged Dow Jones Select Dividend Index ETN due May 22, 2042",5/22/2012,5/22/2042,UBS AG (London Branch),"NYSE Arca, Inc.",,,
9df5e404-9863-4347-b2e7-fc5d8d7631b5,DWT,"VelocityShares 3x Inverse Crude Oil ETNs linked to the S&P GSCI Crude Oil Index ER due December 15, 2031",12/8/2016,12/15/2031,Citigroup Global Markets Holdings Inc.,"NYSE Arca, Inc.",,,
94b79e99-2b79-4e13-810f-be828ace1688,DYY,"DB Commodity Double Long Exchange Traded Notes due April 1, 2038",4/28/2008,4/1/2038,"Deutsche Bank AG, London Branch","NYSE Arca, Inc.",,,
603e7f7d-ee20-41ce-bc4f-a22938cee209,DZZ,"DB Gold Double Short Exchange Traded Notes due February 15, 2038",2/27/2008,2/15/2038,"Deutsche Bank AG, London Branch","NYSE Arca, Inc.",,,
a7d94293-22a8-4cca-87e7-e8c8566c7621,EEH,"ELEMENTS Linked to the SPECTRUM Large Cap U.S. Sector Momentum Index developed by BNP Paribas due August 8, 2022",8/1/2007,8/8/2022,Swedish Export Credit Corporation,"NYSE Arca, Inc.",,,
fd4907bc-4df3-4dfd-bfb8-98018552b06a,EVIX,"VelocityShares 1X Long VSTOXX Futures ETN linked to the VSTOXX Short-Term Futures Investable Index due May 3, 2047",5/2/2017,5/3/2047,UBS AG (London Branch),"Cboe BZX Exchange, Inc.",,,
4e9d7312-b088-43f8-9ab0-86bb85a40c3d,EXIV,"VelocityShares 1X Daily Inverse VSTOXX Futures ETN linked to the VSTOXX Short-Term Futures Inverse Investable Index due May 3, 2047",5/2/2017,5/3/2047,UBS AG (London Branch),"Cboe BZX Exchange, Inc.",,,
f8adca89-2234-4fbf-b63b-4e8b5a30385a,FBGX,"UBS AG FI Enhanced Large Cap Growth ETN due June 19, 2024",6/10/2014,6/19/2024,UBS AG (London Branch),"NYSE Arca, Inc.",,,
ac3036a7-1ea5-4339-b5e4-580eaf02cafe,FEUL,"Credit Suisse FI Enhanced Europe 50 Exchange Traded Notes (ETNs) due May 11, 2028 Linked to the STOXX Europe 50 USD (Gross Return) Index",5/10/2018,5/11/2028,"Credit Suisse AG, Nassau Branch","NYSE Arca, Inc.",,,
5b9b24bc-b76a-4182-9302-95fe247e78be,FFEU,Barclays ETN+ FI Enhanced Europe 50 Exchange Traded Notes Series C,3/15/2018,3/17/2033,Barclays Bank PLC,"NYSE Arca, Inc.",,,
471a836b-d2f0-4f82-8b96-d04ad2942462,FIEE,"UBS AG FI Enhanced Europe 50 ETN due February 12, 2026",2/12/2016,2/12/2026,UBS AG (London Branch),"NYSE Arca, Inc.",,,
269e746d-674f-43a4-b659-1d1eae11e58a,FIEG,"FI Enhanced Global High Yield Exchange Traded Notes Linked to the MSCI World High Dividend Yield USD Gross Total Return Index due October 12, 2023",10/7/2013,10/12/2023,"Deutsche Bank AG, London Branch","NYSE Arca, Inc.",,,
e3cdbdec-0b91-40df-b85d-138a79f6c674,FIHD,"UBS AG FI Enhanced Global High Yield ETN due March 3, 2026",2/19/2016,3/3/2026,UBS AG (London Branch),"NYSE Arca, Inc.",,,
796c24a1-3461-46b7-a029-1ad6c80eabd2,FIYY,Barclays ETN+ FI Enhanced Global High Yield Exchange Traded Notes Series B,3/15/2018,3/17/2033,Barclays Bank PLC,"NYSE Arca, Inc.",,,
9dde66c4-b3b6-40d3-bf02-204bc17d0985,FLAT,iPath US Treasury Flattener Exchange Traded Notes,8/9/2010,8/13/2020,Barclays Bank PLC,The NASDAQ Stock Market LLC,,,
2aea5c00-931d-4945-80ba-2a38e2a17c4b,FLEU,Barclays ETN+ FI Enhanced Europe 50 ETN Series B Linked to the STOXX Europe 50 USD (Gross Return) Index,11/2/2016,10/28/2026,Barclays Bank PLC,"NYSE Arca, Inc.",,,
c99a65bf-e530-4048-8759-0db386b8cf70,FLGE,"Credit Suisse FI Large Cap Growth Enhanced Exchange Traded Notes due June 13, 2019 Linked to the Russell 1000 Growth Index Total Return",6/10/2014,6/13/2019,"Credit Suisse AG, Nassau Branch","NYSE Arca, Inc.",,,
9b4d34ba-3ea5-4765-b8b2-9f0e373f8a9f,FNGD,"BMO REX MicroSectors FANG+ Index -3X Inverse Leveraged Exchange Traded Notes due January 8, 2038",1/22/2018,1/8/2038,Bank of Montreal,"NYSE Arca, Inc.",,,
,FNGO,MicroSectors FANG+ Index 2X Leveraged ETN,8/1/2018,1/8/2038,Bank of Montreal,"NYSE Arca, Inc.",,,
904d2377-6b07-4957-b33c-ef4108db8a24,FNGU,"BMO REX MicroSectors FANG+ Index 3X Leveraged Exchange Traded Notes due January 8, 2038",1/22/2018,1/8/2038,Bank of Montreal,"NYSE Arca, Inc.",,,
,FNGZ,MicroSectors FANG+ Index -2X Inverse Leveraged ETNs,8/1/2018,1/8/2038,Bank of Montreal,"NYSE Arca, Inc.",,,
7c54236e-281e-4a57-9b87-2e785250a568,FRLG,Large Cap Growth Index-Linked ETNs due 2028,4/3/2018,4/3/2028,GS Finance Corp.,"NYSE Arca, Inc.",,,
b7ace21a-3eef-443f-87b6-5aa59518b237,FUD,UBS Exchange Traded Access Securities (E-TRACS) linked to the UBS Bloomberg CMCI Food Total Return,4/1/2008,4/5/2038,UBS AG (Jersey Branch),"NYSE Arca, Inc.",,,
fed58149-86b8-40ad-937f-ba18a4b4e6f2,FUE,"ELEMENTS Linked to the MLCX Biofuels Index (Exchange Series) - Total Return due February 13, 2023",2/5/2008,2/13/2023,Swedish Export Credit Corporation,"NYSE Arca, Inc.",,,
64b5126f-24d5-4d9a-af16-bef1aee02996,GAZB,iPath Series B Bloomberg Natural Gas Subindex Total Return Exchange-Traded Notes,3/8/2017,3/5/2037,Barclays Bank PLC,"NYSE Arca, Inc.",,,
e800bd10-65c2-4ce8-bc94-0a8458696cb5,GCE,Claymore CEF Index Linked GS Connect ETN Index-Linked Notes due 2037 (Linked to the Claymore CEF Index),12/8/2007,12/10/2037,GS Finance Corp.,"NYSE Arca, Inc.",,,
521f4c75-7e16-4cad-af01-7faa6e98685e,GLDI,"Credit Suisse X-Links Gold Shares Covered Call ETNs due February 2, 2033",1/28/2013,2/2/2033,"Credit Suisse AG, Nassau Branch",The NASDAQ Stock Market LLC,,,
,GNAF,MicroSectors FANG+ Index Inverse ETN,8/1/2018,1/8/2038,Bank of Montreal,"NYSE Arca, Inc.",,,
56a461c1-4474-4e60-9070-9c82ee05a161,GRU,"ELEMENTS Linked to the MLCX Grains Index - Total Return due February 14, 2023",2/5/2008,2/14/2023,Swedish Export Credit Corporation,"NYSE Arca, Inc.",,,
328c85a3-5e89-47e9-bc8f-d1e01c0d7e87,GSC,"GS Connect S&P GSCI Enhanced Commodity Total Return Strategy Index ETN, Index-Linked Notes due 2037 (Linked to the S&P GSCI Enhanced Commodity Index Total Return)",7/30/2007,7/30/2037,"The Goldman Sachs Group, Inc.","NYSE Arca, Inc.",,,
b863b2e0-baf5-4519-a6a6-cae1d73f355d,GSP,iPath S&P GSCI Total Return Index ETN,6/6/2006,6/12/2036,Barclays Bank PLC,"NYSE Arca, Inc.",,,
7efca90c-8cf6-440c-b553-8d80d350c4a0,HDLV,"ETRACS Monthly Pay 2xLeveraged US High Dividend Low Volatility ETN due September 30, 2044",9/30/2014,9/30/2044,UBS AG (London Branch),"NYSE Arca, Inc.",,,
1d2af23d-6ecc-4929-a1ec-053085d213bb,HOML,"ETRACS Monthly Reset 2xLeveraged ISE Exclusively Homebuilders ETN due March 13, 2045",3/10/2015,3/13/2045,UBS AG (London Branch),"NYSE Arca, Inc.",,,
9f499e64-bdff-4bf1-86cb-4d3e1e1ff9b7,IMLP,iPath S&P MLP ETN,1/3/2013,12/15/2042,Barclays Bank PLC,"NYSE Arca, Inc.",,,
b6a58927-31bf-4589-8b95-917d068795f2,INR,"Market Vectors - Indian Rupee/USD ETNs due March 31, 2020",3/14/2008,3/31/2020,Morgan Stanley,"NYSE Arca, Inc.",,,
0ae6a578-c7ae-4e94-80a6-1f31045cc708,JJAB,iPath Series B Bloomberg Agriculture Subindex Total Return ETN,1/17/2018,1/23/2048,Barclays Bank PLC,"NYSE Arca, Inc.",,,
49e2c4f4-ff4f-4e45-b363-ea20160a495a,JJCB,iPath Series B Bloomberg Copper Subindex Total Return ETN,1/17/2018,1/23/2048,Barclays Bank PLC,"NYSE Arca, Inc.",,,
fa6185de-3afa-43aa-840b-bc66fe8866a3,JJEB,iPath Series B Bloomberg Energy Subindex Total Return ETN,1/17/2018,1/23/2048,Barclays Bank PLC,"NYSE Arca, Inc.",,,
95deb5f5-ded8-4fb3-b394-519d622ce034,JJGB,iPath Series B Bloomberg Grains Subindex Total Return ETN,1/17/2018,1/23/2048,Barclays Bank PLC,"NYSE Arca, Inc.",,,
28a71114-4ab9-44c6-84cf-0023ba8f6bc5,JJMB,iPath Series B Bloomberg Industrial Metals Subindex Total Return ETN,1/17/2018,1/23/2048,Barclays Bank PLC,"NYSE Arca, Inc.",,,
7b14084b-b120-4345-adec-e965636eae85,JJPB,iPath Series B Bloomberg Precious Metals Subindex Total Return ETN,1/17/2018,1/23/2048,Barclays Bank PLC,"NYSE Arca, Inc.",,,
6e24bff1-0774-4c19-9a40-0b9819959eb5,JJSB,iPath Series B Bloomberg Softs Subindex Total Return ETN,1/17/2018,1/23/2048,Barclays Bank PLC,"NYSE Arca, Inc.",,,
f62e8ff1-3027-460b-ae10-9448f399e1e8,JJTB,iPath Series B Bloomberg Tin Subindex Total Return ETN,1/17/2018,1/23/2048,Barclays Bank PLC,"NYSE Arca, Inc.",,,
b34d9007-ec5d-4803-b55a-225a8db6fa42,JJUB,iPath Series B Bloomberg Aluminum Subindex Total Return ETN,1/17/2018,1/23/2048,Barclays Bank PLC,"NYSE Arca, Inc.",,,
1f83ae62-98ee-4706-a64c-28c518883769,LBDC,"Leveraged Long ETRACS Wells Fargo Business Development Company Index ETN Series B due May 24, 2041",10/8/2015,5/24/2041,UBS AG (London Branch),"NYSE Arca, Inc.",,,
306a72f5-82c3-4fbc-9193-ffdc2ff775d0,LD,iPath Bloomberg Lead Subindex Total Return ETN,6/24/2008,6/24/2038,Barclays Bank PLC,"NYSE Arca, Inc.",,,
a740ffd0-6ae2-49e8-8eaa-d2833799764e,LMLP,"ETRACS Monthly Pay 2xLeveraged Wells Fargo MLP Ex-Energy ETN due June 24, 2044",6/24/2014,6/24/2044,UBS AG (London Branch),"NYSE Arca, Inc.",,,
197ec550-a26d-41a1-9889-d8743ee4570a,LRET,"ETRACS Monthly Pay 2xLeveraged MSCI US REIT Index ETN due May 5, 2045",5/5/2015,5/5/2045,UBS AG (London Branch),"NYSE Arca, Inc.",,,
8eb66d37-e229-4d3e-953a-07407341a827,MLPB,"ETRACS Alerian MLP Infrastructure Index ETN Series B due April 2, 2040",10/8/2015,4/2/2040,UBS AG (London Branch),"NYSE Arca, Inc.",,,
c8c6fa83-7bea-48e0-af0d-82fb98f21e4c,MLPC,C-Tracks Exchange-Traded Notes Based on the Performance of the Miller/Howard MLP Fundamental Index,9/25/2013,9/25/2023,Citigroup Inc.,"NYSE Arca, Inc.",,,
e1a5be28-73a9-451e-b329-926a13a9657d,MLPE,"C-Tracks ETNs on the Miller/Howard MLP Fundamental Index, Series B, Due July 13, 2026",8/8/2016,7/13/2026,Citigroup Global Markets Holdings Inc.,"NYSE Arca, Inc.",,,
01635177-075f-4f90-9d03-03ce5bb2ef2a,MLPG,UBS AG Exchange Traded Access Securities (E-TRACS) linked to the Alerian Natural Gas MLP Index,7/13/2010,7/9/2040,UBS AG (Jersey Branch),"NYSE Arca, Inc.",,,
a9aa1796-0f45-4e20-9757-a3312c02ad1b,MLPI,UBS AG Exchange Traded Access Securities (E-TRACS) linked to the Alerian MLP Infrastructure Index,3/31/2010,4/2/2040,UBS AG (Jersey Branch),"NYSE Arca, Inc.",,,
4209ec82-825a-4a84-ac18-c725edf1b8cd,MLPO,"Credit Suisse S&P MLP Index Exchange Traded Notes (ETNs) due December 4, 2034 Linked to the S&P MLP Index",12/2/2014,12/4/2034,"Credit Suisse AG, Nassau Branch","NYSE Arca, Inc.",,,
6d9f8e91-38ba-4176-9235-63ad52080615,MLPQ,"UBS AG ETRACS Monthly Leveraged Alerian MLP Infrastructure Index ETN Series B due February 12, 2046",2/8/2016,2/12/2046,UBS AG (London Branch),"NYSE Arca, Inc.",,,
23bf1118-e9f0-4c0c-a0a5-da1b893dc77a,MLPY,"Morgan Stanley Cushing MLP High Income Index ETNs due March 21, 2031",3/16/2011,3/21/2031,Morgan Stanley,"NYSE Arca, Inc.",,,
03551220-b657-4b35-9c3b-444735b2f608,MLPZ,"UBS AG ETRACS Monthly Leveraged S&P MLP Index ETN Series B due February 12, 2046",2/8/2016,2/12/2046,UBS AG (London Branch),"NYSE Arca, Inc.",,,
0a366882-c056-48eb-a25e-19bb0cd8599c,MLTI,"Credit Suisse X-Links Multi-Asset High Income Exchange Traded Notes due September 28, 2035",9/29/2015,9/28/2035,"Credit Suisse AG, Nassau Branch","NYSE Arca, Inc.",,,
4dde2379-f57d-49fd-bdb7-682a9013baab,MORL,"ETRACS Monthly Pay 2xLeveraged Mortgage REIT ETN due October 16, 2042",10/16/2012,10/16/2042,UBS AG (London Branch),"NYSE Arca, Inc.",,,
2fc085d4-24fa-45a0-a264-dd93a9464625,MRRL,"ETRACS Monthly Pay 2xLeveraged Mortgage REIT ETN Series B due October 16, 2042",10/8/2015,10/16/2042,UBS AG (London Branch),"NYSE Arca, Inc.",,,
61a8ce55-e4d5-4b07-9abf-a7df6543a53e,NIB,iPath Bloomberg Cocoa Subindex Total Return ETN,6/24/2008,6/24/2038,Barclays Bank PLC,"NYSE Arca, Inc.",,,
59d16185-0813-4c6c-b674-90d8e8b28608,OILB,iPath Series B S&P GSCI Crude Oil Total Return Index ETN,11/17/2016,11/20/2036,Barclays Bank PLC,"NYSE Arca, Inc.",,,
e379cf0a-be5c-47b4-a074-3ede9e0e5502,OILX,"ETRACS S&P GSCI Crude Oil Total Return Index ETN due February 22, 2046",2/17/2016,2/22/2046,UBS AG (London Branch),"NYSE Arca, Inc.",,,
4f302b03-7272-499f-9c6c-9c8918a8fc44,OLEM,iPath Pure Beta Crude Oil ETN,4/20/2011,4/18/2041,Barclays Bank PLC,"NYSE Arca, Inc.",,,
d441a7bf-d914-43dc-911f-ec7f23550838,OLO,"DB Crude Oil Long Exchange Traded Notes due June 1, 2038",6/16/2008,6/1/2038,"Deutsche Bank AG, London Branch","NYSE Arca, Inc.",,,
,PFFL,ETRACS Monthly Pay 2xLeveraged Preferred Stock ETN,9/25/2018,9/25/2048,UBS AG (London Branch),"NYSE Arca, Inc.",,,
3ecc523d-8d6b-4b66-98db-33977cfbe80f,PGMB,iPath Series B Bloomberg Platinum Subindex Total Return ETN,1/17/2018,1/23/2048,Barclays Bank PLC,"NYSE Arca, Inc.",,,
bc6ebf8d-78aa-4787-be37-ad9648a32031,PPLN,"Cushing 30 MLP Index ETNs due June 15, 2037",6/12/2017,6/15/2037,JPMorgan Chase Financial Company LLC,"NYSE Arca, Inc.",,,
,PYPE,ETRACS NYSE Pickens Core Midstream Index ETN,8/20/2018,8/20/2048,UBS AG (London Branch),"NYSE Arca, Inc.",,,
1f2acade-0150-454c-a837-090693798bca,REML,"Credit Suisse X-Links Monthly Pay 2xLeveraged Mortgage REIT Exchange Traded Notes (ETNs) due July 11, 2036",7/12/2016,7/11/2036,"Credit Suisse AG, Nassau Branch","NYSE Arca, Inc.",,,
defaaa0c-c032-48db-a835-d4a3fd03335d,RJA,"ELEMENTS Linked to the Rogers International Commodity Index - Agriculture Total Return due October 24, 2022",10/17/2007,10/24/2022,Swedish Export Credit Corporation,"NYSE Arca, Inc.",,,
7d6fa36b-5fa7-49c1-8f4a-8723300b43d2,RJI,"ELEMENTS Linked to the Rogers International Commodity Index - Total Return due October 24, 2022",10/17/2007,10/24/2022,Swedish Export Credit Corporation,"NYSE Arca, Inc.",,,
0613ba2d-bbd3-4463-8860-0a30c1f4ee5f,RJN,"ELEMENTS Linked to the Rogers International Commodity Index - Energy Total Return due October 24, 2022",10/17/2007,10/24/2022,Swedish Export Credit Corporation,"NYSE Arca, Inc.",,,
c55fcd24-6d18-44de-8f94-6fda5f5102a6,RJZ,"ELEMENTS Linked to the Rogers International Commodity Index - Metals Total Return due October 24, 2022",10/17/2007,10/24/2022,Swedish Export Credit Corporation,"NYSE Arca, Inc.",,,
87a8677a-35c7-445d-be96-ad19917ae0f6,RODI,Barclays Return on Disability Exchange Traded Notes,9/10/2014,9/17/2024,Barclays Bank PLC,"NYSE Arca, Inc.",,,
03b22396-f0db-4f76-a84e-79e021f9ab36,SDYL,"ETRACS Monthly Pay 2xLeveraged S&P Dividend ETN due May 22, 2042",5/22/2012,5/22/2042,UBS AG (London Branch),"NYSE Arca, Inc.",,,
37b7475e-800b-493a-ac76-9f765b6c8c96,SGGB,iPath Series B Bloomberg Sugar Subindex Total Return ETN,1/17/2018,1/23/2048,Barclays Bank PLC,"NYSE Arca, Inc.",,,
c08f9f40-5e3a-4368-8f47-a0ee76d5451d,SLVO,"Credit Suisse X-Links Silver Shares Covered Call ETNs due April 21, 2033",4/16/2013,4/21/2033,"Credit Suisse AG, Nassau Branch",The NASDAQ Stock Market LLC,,,
4a2f734a-f5ca-479a-8b1f-29a22c2add10,SMHD,"ETRACS Monthly Pay 2xLeveraged US Small Cap High Dividend ETN due February 6, 2045",2/3/2015,2/6/2045,UBS AG (London Branch),"NYSE Arca, Inc.",,,
39ba3f20-1597-4c08-b5d5-ccc6df657d89,STPP,iPath US Treasury Steepener Exchange Traded Notes,8/9/2010,8/13/2020,Barclays Bank PLC,The NASDAQ Stock Market LLC,,,
631dc437-71c4-48bb-aeee-0c8fc0d8cd65,SZO,"DB Crude Oil Short Exchange Traded Notes due June 1, 2038",6/16/2008,6/1/2038,"Deutsche Bank AG, London Branch","NYSE Arca, Inc.",,,
721ab5c2-3418-4826-b1eb-da2cca13bd1c,TAPR,Barclays Inverse US Treasury Composite ETN,7/14/2014,7/24/2024,Barclays Bank PLC,The NASDAQ Stock Market LLC,,,
a3a08e31-5451-4624-b33b-25b94fd33d11,TVIX,"VelocityShares Daily 2x VIX Short Term ETN linked to the S&P 500 VIX Short-Term Futures Index due December 4, 2030",11/29/2010,12/4/2030,Credit Suisse AG,The NASDAQ Stock Market LLC,,,
283b7d12-7a86-43e7-9410-3e585bd192f4,UAG,UBS Exchange Traded Access Securities (E-TRACS) linked to the UBS Bloomberg CMCI Agriculture Total Return,4/1/2008,4/5/2038,UBS AG (Jersey Branch),"NYSE Arca, Inc.",,,
aae98811-0a16-4d61-9825-c2aade5a8b99,UAUD,"ETNs linked to the VelocityShares Daily 4X Long AUD vs. USD Index due December 15, 2032",12/12/2017,12/15/2032,Citigroup Global Markets Holdings Inc.,"NYSE Arca, Inc.",,,
f65291ac-f2dc-47e6-b531-dc3731d3c774,UBG,UBS Exchange Traded Access Securities (E-TRACS) linked to the UBS Bloomberg CMCI Gold Total Return,4/1/2008,4/5/2038,UBS AG (Jersey Branch),"NYSE Arca, Inc.",,,
d7d19541-b437-451c-9639-34c30a96ea4a,UCHF,"ETNs linked to the VelocityShares Daily 4X Long CHF vs. USD Index due December 15, 2032",12/12/2017,12/15/2032,Citigroup Global Markets Holdings Inc.,"NYSE Arca, Inc.",,,
c92e31d3-0623-47cb-81d6-fa5521d39023,UCI,UBS Exchange Traded Access Securities (E-TRACS) linked to the UBS Bloomberg Constant Maturity Commodity Index (CMCI) Total Return,4/1/2008,4/5/2038,UBS AG (Jersey Branch),"NYSE Arca, Inc.",,,
24325782-7108-49b3-bacd-53623c38e002,UCIB,"ETRACS UBS Bloomberg Constant Maturity Commodity Index (CMCI) Total Return ETN Series B due April 5, 2038",10/8/2015,4/5/2038,UBS AG (London Branch),"NYSE Arca, Inc.",,,
31d76622-fa6d-4fee-8410-f581c0705777,UEUR,"ETNs linked to the VelocityShares Daily 4X Long EUR vs. USD Index due December 15, 2032",12/12/2017,12/15/2032,Citigroup Global Markets Holdings Inc.,"NYSE Arca, Inc.",,,
e72e5ee5-9334-44e7-8f58-ef3485998339,UGAZ,"VelocityShares 3x Long Natural Gas ETN linked to the S&P GSCI Natural Gas Index ER due February 9, 2032",2/7/2012,2/9/2032,Credit Suisse AG,"NYSE Arca, Inc.",,,
b7f60517-f989-4c06-8042-e860e8bf7ef3,UGBP,"ETNs linked to the VelocityShares Daily 4X Long GBP vs. USD Index due December 15, 2032",12/12/2017,12/15/2032,Citigroup Global Markets Holdings Inc.,"NYSE Arca, Inc.",,,
26d83ae9-d630-456f-b83f-53d98592be4c,UGLD,"VelocityShares 3x Long Gold ETN linked to the S&P GSCI Gold Index ER due October 14, 2031",10/14/2011,10/14/2031,Credit Suisse AG,The NASDAQ Stock Market LLC,,,
d85ada83-b3e5-4c8a-bde4-ba0f931ebd78,UJPY,"ETNs linked to the VelocityShares Daily 4X Long JPY vs. USD Index due December 15, 2032",12/12/2017,12/15/2032,Citigroup Global Markets Holdings Inc.,"NYSE Arca, Inc.",,,
f860a410-fb17-4afb-a67b-f03c5cdd4d85,ULBR,"VelocityShares Long LIBOR ETNs due August 16, 2032",8/15/2017,8/16/2032,Citigroup Global Markets Holdings Inc.,"NYSE Arca, Inc.",,,
5944f7c4-6004-46aa-8dd1-89fba46440ef,URR,"Market Vectors - Double Long Euro ETNs due April 30, 2020",5/6/2008,4/30/2020,Morgan Stanley,"NYSE Arca, Inc.",,,
f4c5fbf2-a507-45b6-b566-c618ca3e0c75,USLV,"VelocityShares 3x Long Silver ETN linked to the S&P GSCI Silver Index ER due October 14, 2031",10/14/2011,10/14/2031,Credit Suisse AG,The NASDAQ Stock Market LLC,,,
bc14ec31-516f-4dd1-a76e-d1058eb50dea,USOI,"Credit Suisse X-Links Crude Oil Shares Covered Call ETNs due April 24, 2037",4/25/2017,4/24/2037,"Credit Suisse AG, Nassau Branch",The NASDAQ Stock Market LLC,,,
0617e905-0aa7-459a-91ba-7f8ee11d1bb3,USV,UBS Exchange Traded Access Securities (E-TRACS) linked to the UBS Bloomberg CMCI Silver Total Return,4/1/2008,4/5/2038,UBS AG (Jersey Branch),"NYSE Arca, Inc.",,,
31aaca29-debd-4dbf-8f17-e3790320eb1e,UWT,"VelocityShares 3x Long Crude Oil ETNs linked to the S&P GSCI Crude Oil Index ER due December 15, 2031",12/8/2016,12/15/2031,Citigroup Global Markets Holdings Inc.,"NYSE Arca, Inc.",,,
90d8792b-a671-4245-b820-fecbde0306a1,VIIX,"VelocityShares VIX Short Term ETN linked to the S&P 500 VIX Short-Term Futures Index due December 4, 2030",11/29/2010,12/4/2030,Credit Suisse AG,The NASDAQ Stock Market LLC,,,
ff246217-9b63-4f1c-8837-32c814dea3f9,VQT,Barclays ETN+ S&P VEQTOR Exchange Traded Notes,8/31/2010,9/8/2020,Barclays Bank PLC,"NYSE Arca, Inc.",,,
8507e86b-9fcd-4fd5-98bb-f24b975226da,VXX,iPath S&P 500 VIX Short-Term Futures ETN,1/29/2009,1/30/2019,Barclays Bank PLC,"NYSE Arca, Inc.",,,
a5fa0414-1350-4556-9e07-802c3af142bd,VXXB,iPath Series B S&P 500 VIX Short-Term Futures ETN,1/17/2018,1/23/2048,Barclays Bank PLC,"Cboe BZX Exchange, Inc.",,,
02f0b8a2-56a7-4d16-8e32-657fe2871c6d,VXZ,iPath S&P 500 VIX Mid-Term Futures ETN,1/29/2009,1/30/2019,Barclays Bank PLC,"NYSE Arca, Inc.",,,
bba05d76-144e-4164-95ab-eef71c9e6d22,VXZB,iPath Series B S&P 500 VIX Mid-Term Futures ETN,1/17/2018,1/23/2048,Barclays Bank PLC,"Cboe BZX Exchange, Inc.",,,
e6e1616b-89ae-4a65-8e39-525a10619d68,WIL,Barclays Women in Leadership ETN,7/9/2014,7/15/2024,Barclays Bank PLC,"NYSE Arca, Inc.",,,
e53be689-65ba-453b-a4ec-37bc357ee942,WMW,"ELEMENTS Linked to the Morningstar Wide Moat Focus Total Return Index due October 24, 2022",10/17/2007,10/24/2022,"Deutsche Bank AG, London Branch","NYSE Arca, Inc.",,,
327705c6-818a-4a84-9c52-e9cceb6fcac0,WTID,"UBS ETRACS ProShares Daily 3x Inverse Crude ETN linked to the Bloomberg WTI Crude Oil Subindex ER due January 4, 2047",1/4/2017,1/4/2047,UBS AG (London Branch),"NYSE Arca, Inc.",,,
dbbcb436-b3ae-4fd1-b68e-0be7a49466c8,WTIU,"UBS ETRACS ProShares Daily 3x Long Crude ETN linked to the Bloomberg WTI Crude Oil Subindex ER due January 4, 2047",1/4/2017,1/4/2047,UBS AG (London Branch),"NYSE Arca, Inc.",,,
637c81d6-63c2-451c-8232-076333cd327d,XVZ,iPath S&P 500 Dynamic VIX Exchange Traded Notes,8/17/2011,8/18/2021,Barclays Bank PLC,"NYSE Arca, Inc.",,,
dfd58312-68d0-482c-8594-a31a6659b9ce,ZIV,"VelocityShares Daily Inverse VIX Medium Term ETN linked to the S&P 500 VIX Mid-Term Futures Index due December 4, 2030",11/29/2010,12/4/2030,Credit Suisse AG,The NASDAQ Stock Market LLC,,,
